,ID,Gender,City,Age,First Name,Last Name
0,A001,M,Paris,25,John,Alter
1,A002,F,London,27,Alice,Luxumberg
2,A003,M,Berlin,29,Tom,Sabestine
3,A004,F,Newyork,31,Nina,Adgra
4,A005,F,Madrid,30,Amy,Johny
